year,baseline_ppb,without_mitigation_ppb,with_planning_ppb
2020,30.006106279282672,32.40659478162529,28.50580096531854
2021,31.007414266586153,33.488007407913045,29.457043553256845
2022,31.16677178807947,33.66011353112583,29.608433198675495
2023,34.54607357950674,37.30975946586728,32.8187699005314
2024,32.62526824956483,35.23528970953002,30.99400483708659
2025,35.88889303078553,38.76000447324838,34.09444837924625
